ID,Nome,Conta,Cartao
1,Ana Silva,10023-1,4532 1122 3344 5566
2,Bruno Costa,20456-2,5412 3456 7890 1234
3,Camila Santos,30567-3,4987 6543 2109 8765
4,Diego Oliveira,40890-4,5123 4567 8901 2345
5,Eduarda Lima,50123-5,4111 2222 3333 4444
6,Felipe Rodrigues,60456-6,5555 6666 7777 8888
7,Gabriela Pereira,70789-7,4222 3333 4444 5555
8,Henrique Ferreira,80112-8,5666 7777 8888 9999
20,Isabela Almeida,90345-9,4333 4444 5555 6666
9,João Gomes,11234-0,5777 8888 9999 0000
10,Karina Ribeiro,21567-1,4444 5555 6666 7777
11,Leonardo Martins,31890-2,5888 9999 0000 1111
12,Mariana Carvalho,41123-3,4555 6666 7777 8888
13,Nicolas Rocha,51456-4,5999 0000 1111 2222
14,Olivia Fernandes,61789-5,4666 7777 8888 9999
15,Pedro Alves,71112-6,5000 1111 2222 3333
16,Quintino Barros,81445-7,4777 8888 9999 0000
17,Rafaela Monteiro,91778-8,5111 2222 3333 4444
18,Thiago Mendes,12111-9,4888 9999 0000 1111
19,Vanessa Castro,22444-0,5222 3333 4444 5555
